teacher,teacher_email,student,student_id,day,start_time,end_time,room,instrument,need_pianist,jury_required,required_pianist_name
Dr. Avery Lane,avery.lane@example.test,Jordan Ellis,S-1001,Monday,09:00 AM,09:50 AM,Studio 101,Voice,Yes,Yes,
Dr. Avery Lane,avery.lane@example.test,Casey Morgan,S-1002,Monday,09:30 AM,10:20 AM,Studio 102,Violin,Yes,No,
Prof. Riley Chen,riley.chen@example.test,Taylor Brooks,S-1003,Monday,10:00 AM,10:50 AM,Studio 103,Cello,No,No,
Prof. Riley Chen,riley.chen@example.test,Jamie Parker,S-1004,Monday,01:00 PM,01:50 PM,Studio 104,Flute,Yes,Yes,
Dr. Avery Lane,avery.lane@example.test,Alex Rivera,S-1005,Tuesday,09:00 AM,09:50 AM,Studio 101,Voice,Yes,No,
Dr. Avery Lane,avery.lane@example.test,Sam Bennett,S-1006,Tuesday,09:30 AM,10:20 AM,Studio 102,Viola,Yes,Yes,
Prof. Riley Chen,riley.chen@example.test,Quinn Foster,S-1007,Tuesday,10:00 AM,10:50 AM,Studio 103,Trumpet,No,No,
Prof. Riley Chen,riley.chen@example.test,Drew Coleman,S-1008,Tuesday,01:00 PM,01:50 PM,Studio 104,Clarinet,Yes,No,
Dr. Morgan Patel,morgan.patel@example.test,Reese Nguyen,S-1009,Wednesday,09:00 AM,09:50 AM,Studio 201,Voice,Yes,Yes,
Dr. Morgan Patel,morgan.patel@example.test,Rowan Diaz,S-1010,Wednesday,09:30 AM,10:20 AM,Studio 202,Violin,Yes,No,
Prof. Riley Chen,riley.chen@example.test,Emerson Hayes,S-1011,Wednesday,10:00 AM,10:50 AM,Studio 203,Oboe,Yes,No,
Prof. Riley Chen,riley.chen@example.test,Finley Ross,S-1012,Wednesday,01:00 PM,01:50 PM,Studio 204,Piano,No,No,
Dr. Morgan Patel,morgan.patel@example.test,Harper Kim,S-1013,Thursday,09:00 AM,09:50 AM,Studio 201,Voice,Yes,Yes,
Dr. Morgan Patel,morgan.patel@example.test,Logan Price,S-1014,Thursday,09:30 AM,10:20 AM,Studio 202,Cello,Yes,No,
Prof. Riley Chen,riley.chen@example.test,Arden Bell,S-1015,Thursday,10:00 AM,10:50 AM,Studio 203,Saxophone,No,No,
Prof. Riley Chen,riley.chen@example.test,Micah Stone,S-1016,Thursday,01:00 PM,01:50 PM,Studio 204,Violin,Yes,No,
Dr. Avery Lane,avery.lane@example.test,Noah Wells,S-1017,Friday,09:00 AM,09:50 AM,Studio 101,Voice,Yes,Yes,
Dr. Avery Lane,avery.lane@example.test,Remy Scott,S-1018,Friday,09:30 AM,10:20 AM,Studio 102,Viola,Yes,No,
Dr. Morgan Patel,morgan.patel@example.test,Shiloh Reed,S-1019,Friday,10:00 AM,10:50 AM,Studio 201,Flute,No,No,
Dr. Morgan Patel,morgan.patel@example.test,Blake Turner,S-1020,Friday,01:00 PM,01:50 PM,Studio 202,Voice,Yes,Yes,
