Pianist Name,Day,Start,End,Status
Pianist Example One,Monday,08:00 AM,06:00 PM,Available
Pianist Example One,Tuesday,08:00 AM,06:00 PM,Available
Pianist Example One,Wednesday,08:00 AM,06:00 PM,Available
Pianist Example One,Thursday,08:00 AM,06:00 PM,Available
Pianist Example One,Friday,08:00 AM,06:00 PM,Available
Pianist Example Two,Monday,08:00 AM,06:00 PM,Available
Pianist Example Two,Tuesday,08:00 AM,06:00 PM,Available
Pianist Example Two,Wednesday,08:00 AM,06:00 PM,Available
Pianist Example Two,Thursday,08:00 AM,06:00 PM,Available
Pianist Example Two,Friday,08:00 AM,06:00 PM,Available
Pianist Example Three,Monday,08:00 AM,06:00 PM,Available
Pianist Example Three,Tuesday,08:00 AM,06:00 PM,Available
Pianist Example Three,Wednesday,08:00 AM,06:00 PM,Available
Pianist Example Three,Thursday,08:00 AM,06:00 PM,Available
Pianist Example Three,Friday,08:00 AM,06:00 PM,Available
